[
  {
    "event_guid": "e5a86505-3727-4bbe-b357-a8c8ab231111",
    "date": "20250425-224145",
    "type": "emopened",
    "description": "4294967869 isEmailSent: true",
    "crm_id": 4295002215,
    "email": "andrew@kulea.ma",
    "ip_address": "103.107.197.125",
    "user_agent": "Mozilla/5.0",
    "bot": false,
    "mailshot_id": 4294967869,
    "condition_id": 4294967860,
    "condition_title": "Example 1",
    "condition_subject": "Please don't open yet",
    "condition_from": "andy@kulea.ma",
    "template_id": null,
    "template_title": "Test 1",
    "template_link": "Test-1"
  },
  {
    "event_guid": "98c55d7e-5da8-45e7-9634-3127015913a3",
    "date": "20250424-214709",
    "type": "emopened",
    "description": "4294967869 isEmailSent: true",
    "crm_id": 4295002273,
    "email": "steve@kulea.ma",
    "ip_address": "172.224.227.3",
    "user_agent": "Mozilla/5.0",
    "bot": false,
    "mailshot_id": 4294967869,
    "condition_id": 4294967860,
    "condition_title": "Example 1",
    "condition_subject": "Please don't open yet",
    "condition_from": "andy@kulea.ma",
    "template_id": null,
    "template_title": "Test 1",
    "template_link": "Test-1"
  },
  {
    "event_guid": "9fa6dbcc-cf44-4f8c-b9ce-f4cc7455375a",
    "date": "20250424-160649",
    "type": "emopened",
    "description": "4294967869 isEmailSent: true",
    "crm_id": 4295002356,
    "email": "constantin@kulea.ma",
    "ip_address": "66.249.93.9",
    "user_agent": "Mozilla/5.0 (Windows NT 5.1; rv:11.0) Gecko Firefox/11.0 (via ggpht.com GoogleImageProxy)",
    "bot": false,
    "mailshot_id": 4294967869,
    "condition_id": 4294967860,
    "condition_title": "Example 1",
    "condition_subject": "Please don't open yet",
    "condition_from": "andy@kulea.ma",
    "template_id": null,
    "template_title": "Test 1",
    "template_link": "Test-1"
  },
  {
    "event_guid": "f76452aa-9d27-4f63-9461-d766aae67d33",
    "date": "20250424-120855",
    "type": "emopened",
    "description": "4294967869 isEmailSent: true",
    "crm_id": 4295002273,
    "email": "steve@kulea.ma",
    "ip_address": "89.37.64.11",
    "user_agent": "Mozilla/5.0",
    "bot": false,
    "mailshot_id": 4294967869,
    "condition_id": 4294967860,
    "condition_title": "Example 1",
    "condition_subject": "Please don't open yet",
    "condition_from": "andy@kulea.ma",
    "template_id": null,
    "template_title": "Test 1",
    "template_link": "Test-1"
  },
  {
    "event_guid": "cd012d69-b72b-4020-83d2-20fd01b6418b",
    "date": "20250424-120345",
    "type": "emclickedlink",
    "description": "https://mylinks.kulea.ma from shot 4294967869 isEmailSent: true",
    "crm_id": 4295002273,
    "email": "steve@kulea.ma",
    "ip_address": "89.37.64.11",
    "user_agent": "Mozilla/5.0 (Macintosh; Intel Mac OS X 10_15_7) AppleWebKit/605.1.15 (KHTML, like Gecko) Version/18.4 Safari/605.1.15",
    "bot": false,
    "mailshot_id": 4294967869,
    "condition_id": 4294967860,
    "condition_title": "Example 1",
    "condition_subject": "Please don't open yet",
    "condition_from": "andy@kulea.ma",
    "template_id": null,
    "template_title": "Test 1",
    "template_link": "Test-1"
  },
  {
    "event_guid": "c1837cff-e1c8-4760-a46b-d3a9bd800d17",
    "date": "20250424-120338",
    "type": "emopened",
    "description": "4294967869 isEmailSent: true",
    "crm_id": 4295002273,
    "email": "steve@kulea.ma",
    "ip_address": "89.37.64.11",
    "user_agent": "Mozilla/5.0 (Macintosh; Intel Mac OS X 10_15_7) AppleWebKit/605.1.15 (KHTML, like Gecko) Canary",
    "bot": false,
    "mailshot_id": 4294967869,
    "condition_id": 4294967860,
    "condition_title": "Example 1",
    "condition_subject": "Please don't open yet",
    "condition_from": "andy@kulea.ma",
    "template_id": null,
    "template_title": "Test 1",
    "template_link": "Test-1"
  },
  {
    "event_guid": "9b5a7fc1-74ac-48ba-b85c-236cbc5aaaad",
    "date": "20250424-120327",
    "type": "emclickedlink",
    "description": "https://mylinks.kulea.ma from shot 4294967869 isEmailSent: true",
    "crm_id": 4295004086,
    "email": "steve.bircher@btinternet.com",
    "ip_address": "89.37.64.11",
    "user_agent": "Mozilla/5.0 (Macintosh; Intel Mac OS X 10_15_7) AppleWebKit/605.1.15 (KHTML, like Gecko) Version/18.4 Safari/605.1.15",
    "bot": false,
    "mailshot_id": 4294967869,
    "condition_id": 4294967860,
    "condition_title": "Example 1",
    "condition_subject": "Please don't open yet",
    "condition_from": "andy@kulea.ma",
    "template_id": null,
    "template_title": "Test 1",
    "template_link": "Test-1"
  },
  {
    "event_guid": "df33ed9d-0397-41bc-b092-9e8dee46180b",
    "date": "20250424-120230",
    "type": "emclickedlink",
    "description": "https://mylinks.kulea.ma from shot 4294967869 isEmailSent: true",
    "crm_id": 4295002215,
    "email": "andrew@kulea.ma",
    "ip_address": "82.132.186.42",
    "user_agent": "Mozilla/5.0 (Macintosh; Intel Mac OS X 10_15_7) AppleWebKit/537.36 (KHTML, like Gecko) Chrome/135.0.0.0 Safari/537.36",
    "bot": false,
    "mailshot_id": 4294967869,
    "condition_id": 4294967860,
    "condition_title": "Example 1",
    "condition_subject": "Please don't open yet",
    "condition_from": "andy@kulea.ma",
    "template_id": null,
    "template_title": "Test 1",
    "template_link": "Test-1"
  },
  {
    "event_guid": "69a7a1b6-c30f-4de0-b7ab-7b8ca7da1e31",
    "date": "20250424-120214",
    "type": "emclickedlink",
    "description": "https://mylinks.kulea.ma from shot 4294967869 isEmailSent: true",
    "crm_id": 4295002215,
    "email": "andrew@kulea.ma",
    "ip_address": "82.132.186.42",
    "user_agent": "Mozilla/5.0 (Macintosh; Intel Mac OS X 10_15_7) AppleWebKit/537.36 (KHTML, like Gecko) Chrome/135.0.0.0 Safari/537.36",
    "bot": false,
    "mailshot_id": 4294967869,
    "condition_id": 4294967860,
    "condition_title": "Example 1",
    "condition_subject": "Please don't open yet",
    "condition_from": "andy@kulea.ma",
    "template_id": null,
    "template_title": "Test 1",
    "template_link": "Test-1"
  },
  {
    "event_guid": "ac478ba9-6612-436c-b9a9-bfc93ba56c58",
    "date": "20250424-120036",
    "type": "emclickedlink",
    "description": "https://mylinks.kulea.ma from shot 4294967869 isEmailSent: true",
    "crm_id": 4295002356,
    "email": "constantin@kulea.ma",
    "ip_address": "91.164.58.2",
    "user_agent": "Mozilla/5.0 (Macintosh; Intel Mac OS X 10.15; rv:136.0) Gecko/20100101 Firefox/136.0",
    "bot": false,
    "mailshot_id": 4294967869,
    "condition_id": 4294967860,
    "condition_title": "Example 1",
    "condition_subject": "Please don't open yet",
    "condition_from": "andy@kulea.ma",
    "template_id": null,
    "template_title": "Test 1",
    "template_link": "Test-1"
  },
  {
    "event_guid": "0dd36fe0-4494-480a-8b92-96580dfc2878",
    "date": "20250424-120016",
    "type": "emopened",
    "description": "4294967869 isEmailSent: true",
    "crm_id": 4295004086,
    "email": "steve.bircher@btinternet.com",
    "ip_address": "89.37.64.11",
    "user_agent": "Mozilla/5.0 (Macintosh; Intel Mac OS X 10_15_7) AppleWebKit/605.1.15 (KHTML, like Gecko) Canary",
    "bot": false,
    "mailshot_id": 4294967869,
    "condition_id": 4294967860,
    "condition_title": "Example 1",
    "condition_subject": "Please don't open yet",
    "condition_from": "andy@kulea.ma",
    "template_id": null,
    "template_title": "Test 1",
    "template_link": "Test-1"
  },
  {
    "event_guid": "76bce535-2c44-4cf6-8ce5-88b6611fb31d",
    "date": "20250424-120011",
    "type": "emopened",
    "description": "4294967869 isEmailSent: true",
    "crm_id": 4295004086,
    "email": "steve.bircher@btinternet.com",
    "ip_address": "89.37.64.11",
    "user_agent": "Mozilla/5.0 (Macintosh; Intel Mac OS X 10_15_7) AppleWebKit/605.1.15 (KHTML, like Gecko) Canary",
    "bot": false,
    "mailshot_id": 4294967869,
    "condition_id": 4294967860,
    "condition_title": "Example 1",
    "condition_subject": "Please don't open yet",
    "condition_from": "andy@kulea.ma",
    "template_id": null,
    "template_title": "Test 1",
    "template_link": "Test-1"
  },
  {
    "event_guid": "0514fd59-4bd8-49e7-b63a-f6559ad99ce3",
    "date": "20250424-115838",
    "type": "emopened",
    "description": "4294967869 isEmailSent: true",
    "crm_id": 4295002356,
    "email": "constantin@kulea.ma",
    "ip_address": "66.249.93.10",
    "user_agent": "Mozilla/5.0 (Windows NT 5.1; rv:11.0) Gecko Firefox/11.0 (via ggpht.com GoogleImageProxy)",
    "bot": false,
    "mailshot_id": 4294967869,
    "condition_id": 4294967860,
    "condition_title": "Example 1",
    "condition_subject": "Please don't open yet",
    "condition_from": "andy@kulea.ma",
    "template_id": null,
    "template_title": "Test 1",
    "template_link": "Test-1"
  },
  {
    "event_guid": "e6592eea-4ef2-499b-b033-9fe099bb2aa7",
    "date": "20250424-115746",
    "type": "emopened",
    "description": "4294967869 isEmailSent: true",
    "crm_id": 4295002273,
    "email": "steve@kulea.ma",
    "ip_address": "155.133.17.104",
    "user_agent": "Mozilla/5.0",
    "bot": false,
    "mailshot_id": 4294967869,
    "condition_id": 4294967860,
    "condition_title": "Example 1",
    "condition_subject": "Please don't open yet",
    "condition_from": "andy@kulea.ma",
    "template_id": null,
    "template_title": "Test 1",
    "template_link": "Test-1"
  },
  {
    "event_guid": "04fffaf8-6338-4276-a131-8ef8ab37e5d2",
    "date": "20250424-115639",
    "type": "emopened",
    "description": "4294967869 isEmailSent: true",
    "crm_id": 4295002215,
    "email": "andrew@kulea.ma",
    "ip_address": "66.249.93.11",
    "user_agent": "Mozilla/5.0 (Windows NT 5.1; rv:11.0) Gecko Firefox/11.0 (via ggpht.com GoogleImageProxy)",
    "bot": false,
    "mailshot_id": 4294967869,
    "condition_id": 4294967860,
    "condition_title": "Example 1",
    "condition_subject": "Please don't open yet",
    "condition_from": "andy@kulea.ma",
    "template_id": null,
    "template_title": "Test 1",
    "template_link": "Test-1"
  },
  {
    "event_guid": "8e8ed707-71e4-4e49-8c22-a6cec13e2c4b",
    "date": "20250424-115214",
    "type": "emdelivery",
    "description": "4294967869",
    "crm_id": 4295002215,
    "email": "andrew@kulea.ma",
    "ip_address": "",
    "user_agent": "",
    "bot": false,
    "mailshot_id": 4294967869,
    "condition_id": 4294967860,
    "condition_title": "Example 1",
    "condition_subject": "Please don't open yet",
    "condition_from": "andy@kulea.ma",
    "template_id": null,
    "template_title": "Test 1",
    "template_link": "Test-1"
  },
  {
    "event_guid": "d219c2ae-6cc8-4a0d-a291-d90fc8625b85",
    "date": "20250424-115214",
    "type": "emdelivery",
    "description": "4294967869",
    "crm_id": 4295004086,
    "email": "steve.bircher@btinternet.com",
    "ip_address": "",
    "user_agent": "",
    "bot": false,
    "mailshot_id": 4294967869,
    "condition_id": 4294967860,
    "condition_title": "Example 1",
    "condition_subject": "Please don't open yet",
    "condition_from": "andy@kulea.ma",
    "template_id": null,
    "template_title": "Test 1",
    "template_link": "Test-1"
  },
  {
    "event_guid": "dcc33390-f555-42a9-b092-c9432d47a748",
    "date": "20250424-115214",
    "type": "emdelivery",
    "description": "4294967869",
    "crm_id": 4295002356,
    "email": "constantin@kulea.ma",
    "ip_address": "",
    "user_agent": "",
    "bot": false,
    "mailshot_id": 4294967869,
    "condition_id": 4294967860,
    "condition_title": "Example 1",
    "condition_subject": "Please don't open yet",
    "condition_from": "andy@kulea.ma",
    "template_id": null,
    "template_title": "Test 1",
    "template_link": "Test-1"
  },
  {
    "event_guid": "f986179a-f287-4bae-8420-2f3e67f2db78",
    "date": "20250424-115214",
    "type": "emdelivery",
    "description": "4294967869",
    "crm_id": 4295002273,
    "email": "steve@kulea.ma",
    "ip_address": "",
    "user_agent": "",
    "bot": false,
    "mailshot_id": 4294967869,
    "condition_id": 4294967860,
    "condition_title": "Example 1",
    "condition_subject": "Please don't open yet",
    "condition_from": "andy@kulea.ma",
    "template_id": null,
    "template_title": "Test 1",
    "template_link": "Test-1"
  },
  {
    "event_guid": "45b6c65f-2caf-4c04-8025-bce2c154a210",
    "date": "20250220-140043",
    "type": "emopened",
    "description": "4294967867 isEmailSent: true",
    "crm_id": 4295002356,
    "email": "constantin@kulea.ma",
    "ip_address": "66.249.93.169",
    "user_agent": "Mozilla/5.0 (Windows NT 5.1; rv:11.0) Gecko Firefox/11.0 (via ggpht.com GoogleImageProxy)",
    "bot": false,
    "mailshot_id": 4294967867,
    "condition_id": 4294967858,
    "condition_title": "Form Thank you - Kulea demo1",
    "condition_subject": "Wild test with to data",
    "condition_from": "andrew@kulea.co.uk",
    "template_id": "fa7cf62d-963e-41c2-abd1-2980a86e3ec4",
    "template_title": "Wild.London",
    "template_link": "Wild-London"
  },
  {
    "event_guid": "70c30b50-86e3-4a01-a8c7-34499e69daaa",
    "date": "20250220-140043",
    "type": "emopened",
    "description": "4294967826 isEmailSent: true",
    "crm_id": 4295002356,
    "email": "constantin@kulea.ma",
    "ip_address": "66.249.93.170",
    "user_agent": "Mozilla/5.0 (Windows NT 5.1; rv:11.0) Gecko Firefox/11.0 (via ggpht.com GoogleImageProxy)",
    "bot": false,
    "mailshot_id": 4294967826,
    "condition_id": 4294967819,
    "condition_title": "Form Thank you - Kulea demo1",
    "condition_subject": "Mel milking it",
    "condition_from": "andrew@kulea.ma",
    "template_id": "e49af120-9a1f-4ab2-8a15-db58cad776b5",
    "template_title": "Personal email",
    "template_link": "Personal-email"
  },
  {
    "event_guid": "332d293b-a3e7-4e10-bb29-1eb900d38d35",
    "date": "20250216-221953",
    "type": "emopened",
    "description": "4294967868 isEmailSent: true",
    "crm_id": 4295002215,
    "email": "andrew@kulea.ma",
    "ip_address": "66.249.93.9",
    "user_agent": "Mozilla/5.0 (Windows NT 5.1; rv:11.0) Gecko Firefox/11.0 (via ggpht.com GoogleImageProxy)",
    "bot": false,
    "mailshot_id": 4294967868,
    "condition_id": 4294967859,
    "condition_title": "Form Thank you - Kulea demo1",
    "condition_subject": "Mel milking it",
    "condition_from": "andrew@kulea.ma",
    "template_id": "e49af120-9a1f-4ab2-8a15-db58cad776b5",
    "template_title": "Personal email",
    "template_link": "Personal-email"
  },
  {
    "event_guid": "be1959eb-5dc1-4cb7-860a-638359387c50",
    "date": "20250216-192951",
    "type": "emdelivery",
    "description": "4294967868",
    "crm_id": 4295002215,
    "email": "andrew@kulea.ma",
    "ip_address": "",
    "user_agent": "",
    "bot": false,
    "mailshot_id": 4294967868,
    "condition_id": 4294967859,
    "condition_title": "Form Thank you - Kulea demo1",
    "condition_subject": "Mel milking it",
    "condition_from": "andrew@kulea.ma",
    "template_id": "e49af120-9a1f-4ab2-8a15-db58cad776b5",
    "template_title": "Personal email",
    "template_link": "Personal-email"
  },
  {
    "event_guid": "44491f50-5212-40f8-84b1-d2918f6d5e7f",
    "date": "20250213-175632",
    "type": "emdelivery",
    "description": "4294967867",
    "crm_id": 4295002356,
    "email": "constantin@kulea.ma",
    "ip_address": "",
    "user_agent": "",
    "bot": false,
    "mailshot_id": 4294967867,
    "condition_id": 4294967858,
    "condition_title": "Form Thank you - Kulea demo1",
    "condition_subject": "Wild test with to data",
    "condition_from": "andrew@kulea.co.uk",
    "template_id": "fa7cf62d-963e-41c2-abd1-2980a86e3ec4",
    "template_title": "Wild.London",
    "template_link": "Wild-London"
  },
  {
    "event_guid": "e126c989-3195-4b3b-b7a3-e7f6988f2170",
    "date": "20250213-174938",
    "type": "emdelivery",
    "description": "4294967867",
    "crm_id": 4295002356,
    "email": "constantin@kulea.ma",
    "ip_address": "",
    "user_agent": "",
    "bot": false,
    "mailshot_id": 4294967867,
    "condition_id": 4294967858,
    "condition_title": "Form Thank you - Kulea demo1",
    "condition_subject": "Wild test with to data",
    "condition_from": "andrew@kulea.co.uk",
    "template_id": "fa7cf62d-963e-41c2-abd1-2980a86e3ec4",
    "template_title": "Wild.London",
    "template_link": "Wild-London"
  },
  {
    "event_guid": "b689fb61-02ff-4909-91ed-04a9c6e25da2",
    "date": "20250213-174531",
    "type": "emopened",
    "description": "4294967826 isEmailSent: true",
    "crm_id": 4295002356,
    "email": "constantin@kulea.ma",
    "ip_address": "66.249.93.171",
    "user_agent": "Mozilla/5.0 (Windows NT 5.1; rv:11.0) Gecko Firefox/11.0 (via ggpht.com GoogleImageProxy)",
    "bot": false,
    "mailshot_id": 4294967826,
    "condition_id": 4294967819,
    "condition_title": "Form Thank you - Kulea demo1",
    "condition_subject": "Mel milking it",
    "condition_from": "andrew@kulea.ma",
    "template_id": "e49af120-9a1f-4ab2-8a15-db58cad776b5",
    "template_title": "Personal email",
    "template_link": "Personal-email"
  },
  {
    "event_guid": "c2c67287-666a-408b-9ee0-cb7d260eab24",
    "date": "20250213-174503",
    "type": "emdelivery",
    "description": "4294967826",
    "crm_id": 4295002356,
    "email": "constantin@kulea.ma",
    "ip_address": "",
    "user_agent": "",
    "bot": false,
    "mailshot_id": 4294967826,
    "condition_id": 4294967819,
    "condition_title": "Form Thank you - Kulea demo1",
    "condition_subject": "Mel milking it",
    "condition_from": "andrew@kulea.ma",
    "template_id": "e49af120-9a1f-4ab2-8a15-db58cad776b5",
    "template_title": "Personal email",
    "template_link": "Personal-email"
  },
  {
    "event_guid": "cb8f3614-2400-4304-9873-dd29f7fcf602",
    "date": "20250213-174503",
    "type": "emdelivery",
    "description": "4294967826",
    "crm_id": 4295002356,
    "email": "constantin@kulea.ma",
    "ip_address": "",
    "user_agent": "",
    "bot": false,
    "mailshot_id": 4294967826,
    "condition_id": 4294967819,
    "condition_title": "Form Thank you - Kulea demo1",
    "condition_subject": "Mel milking it",
    "condition_from": "andrew@kulea.ma",
    "template_id": "e49af120-9a1f-4ab2-8a15-db58cad776b5",
    "template_title": "Personal email",
    "template_link": "Personal-email"
  },
  {
    "event_guid": "86aa4dba-cac5-45ef-af2e-bf5eee53603b",
    "date": "20250120-081541",
    "type": "emdelivery",
    "description": "4294967865",
    "crm_id": 4294999886,
    "email": "7676test@kulea.ma",
    "ip_address": "",
    "user_agent": "",
    "bot": false,
    "mailshot_id": 4294967865,
    "condition_id": 4294967856,
    "condition_title": "Test2",
    "condition_subject": "Wild test with to data",
    "condition_from": "andrew@kulea.co.uk",
    "template_id": "fa7cf62d-963e-41c2-abd1-2980a86e3ec4",
    "template_title": "Wild.London",
    "template_link": "Wild-London"
  },
  {
    "event_guid": "e693925f-990f-4d35-8912-2f4018867bfd",
    "date": "20250119-184044",
    "type": "emclickedlink",
    "description": "https://mylinks.kulea.ma/pages/wild-nicola from shot 4294967866 isEmailSent: true",
    "crm_id": 4294999886,
    "email": "7676test@kulea.ma",
    "ip_address": "62.252.173.134",
    "user_agent": "Mozilla/5.0 (Windows NT 10.0; Win64; x64) AppleWebKit/537.36 (KHTML, like Gecko) Chrome/131.0.0.0 Safari/537.36",
    "bot": false,
    "mailshot_id": 4294967866,
    "condition_id": 4294967857,
    "condition_title": "test run",
    "condition_subject": "Wild test with to data",
    "condition_from": "roc@kulea.ma",
    "template_id": "fa7cf62d-963e-41c2-abd1-2980a86e3ec4",
    "template_title": "Wild.London",
    "template_link": "Wild-London"
  },
  {
    "event_guid": "f85e1cc3-fe9c-43f9-9147-d896c7b84b99",
    "date": "20250119-184044",
    "type": "emclickedlink",
    "description": "https://mylinks.kulea.ma/pages/wild-nicola from shot 4294967866 isEmailSent: true",
    "crm_id": 4294999886,
    "email": "7676test@kulea.ma",
    "ip_address": "82.15.95.137",
    "user_agent": "Mozilla/5.0 (Windows NT 10.0; Win64; x64) AppleWebKit/537.36 (KHTML, like Gecko) Chrome/131.0.0.0 Safari/537.36",
    "bot": false,
    "mailshot_id": 4294967866,
    "condition_id": 4294967857,
    "condition_title": "test run",
    "condition_subject": "Wild test with to data",
    "condition_from": "roc@kulea.ma",
    "template_id": "fa7cf62d-963e-41c2-abd1-2980a86e3ec4",
    "template_title": "Wild.London",
    "template_link": "Wild-London"
  },
  {
    "event_guid": "53fed15f-c060-4d4b-af19-f34ba6e61fa1",
    "date": "20250119-184034",
    "type": "emclickedlink",
    "description": "https://mylinks.kulea.ma/pages/wild-nicola from shot 4294967866 isEmailSent: true",
    "crm_id": 4294999886,
    "email": "7676test@kulea.ma",
    "ip_address": "92.18.40.63",
    "user_agent": "Mozilla/5.0 (Macintosh; Intel Mac OS X 10_15_7) AppleWebKit/537.36 (KHTML, like Gecko) Chrome/131.0.0.0 Safari/537.36",
    "bot": false,
    "mailshot_id": 4294967866,
    "condition_id": 4294967857,
    "condition_title": "test run",
    "condition_subject": "Wild test with to data",
    "condition_from": "roc@kulea.ma",
    "template_id": "fa7cf62d-963e-41c2-abd1-2980a86e3ec4",
    "template_title": "Wild.London",
    "template_link": "Wild-London"
  },
  {
    "event_guid": "c5696ca4-9155-4acb-b35c-104db6ed34f9",
    "date": "20250119-184034",
    "type": "emopened",
    "description": "4294967866 isEmailSent: true",
    "crm_id": 4294999886,
    "email": "7676test@kulea.ma",
    "ip_address": "92.18.40.63",
    "user_agent": "Mozilla/5.0 (Macintosh; Intel Mac OS X 10_15_7) AppleWebKit/537.36 (KHTML, like Gecko) Chrome/131.0.0.0 Safari/537.36",
    "bot": false,
    "mailshot_id": 4294967866,
    "condition_id": 4294967857,
    "condition_title": "test run",
    "condition_subject": "Wild test with to data",
    "condition_from": "roc@kulea.ma",
    "template_id": "fa7cf62d-963e-41c2-abd1-2980a86e3ec4",
    "template_title": "Wild.London",
    "template_link": "Wild-London"
  },
  {
    "event_guid": "3be3af7e-8159-4064-9614-7ae165a8778d",
    "date": "20250119-184031",
    "type": "emdelivery",
    "description": "4294967866",
    "crm_id": 4294999886,
    "email": "7676test@kulea.ma",
    "ip_address": "",
    "user_agent": "",
    "bot": false,
    "mailshot_id": 4294967866,
    "condition_id": 4294967857,
    "condition_title": "test run",
    "condition_subject": "Wild test with to data",
    "condition_from": "roc@kulea.ma",
    "template_id": "fa7cf62d-963e-41c2-abd1-2980a86e3ec4",
    "template_title": "Wild.London",
    "template_link": "Wild-London"
  },
  {
    "event_guid": "6926f9dc-fc17-4b9f-885b-07786d734316",
    "date": "20250119-182200",
    "type": "emdelivery",
    "description": "4294967826",
    "crm_id": 4295002356,
    "email": "constantin@kulea.ma",
    "ip_address": "",
    "user_agent": "",
    "bot": false,
    "mailshot_id": 4294967826,
    "condition_id": 4294967819,
    "condition_title": "Form Thank you - Kulea demo1",
    "condition_subject": "Mel milking it",
    "condition_from": "andrew@kulea.ma",
    "template_id": "e49af120-9a1f-4ab2-8a15-db58cad776b5",
    "template_title": "Personal email",
    "template_link": "Personal-email"
  },
  {
    "event_guid": "55543903-e98c-4252-87ca-5a06761ca491",
    "date": "20250119-181406",
    "type": "emclickedlink",
    "description": "https://kulea.ma from shot 4294967864 isEmailSent: true",
    "crm_id": 4294999886,
    "email": "7676test@kulea.ma",
    "ip_address": "92.18.40.63",
    "user_agent": "Mozilla/5.0 (Macintosh; Intel Mac OS X 10_15_7) AppleWebKit/537.36 (KHTML, like Gecko) Chrome/131.0.0.0 Safari/537.36",
    "bot": false,
    "mailshot_id": 4294967864,
    "condition_id": 4294967855,
    "condition_title": "Andrew Nicholson",
    "condition_subject": "Wild test with to data",
    "condition_from": "andrew@kulea.co.uk",
    "template_id": "fa7cf62d-963e-41c2-abd1-2980a86e3ec4",
    "template_title": "Wild.London",
    "template_link": "Wild-London"
  },
  {
    "event_guid": "b44da607-fe83-4e5e-98df-63c508d0bf9c",
    "date": "20250119-181253",
    "type": "emclickedlink",
    "description": "https://mylinks.kulea.ma/pages/wild-nicola from shot 4294967864 isEmailSent: true",
    "crm_id": 4294999886,
    "email": "7676test@kulea.ma",
    "ip_address": "92.18.40.63",
    "user_agent": "Mozilla/5.0 (Macintosh; Intel Mac OS X 10_15_7) AppleWebKit/537.36 (KHTML, like Gecko) Chrome/131.0.0.0 Safari/537.36",
    "bot": false,
    "mailshot_id": 4294967864,
    "condition_id": 4294967855,
    "condition_title": "Andrew Nicholson",
    "condition_subject": "Wild test with to data",
    "condition_from": "andrew@kulea.co.uk",
    "template_id": "fa7cf62d-963e-41c2-abd1-2980a86e3ec4",
    "template_title": "Wild.London",
    "template_link": "Wild-London"
  },
  {
    "event_guid": "f60de88c-42b3-49b5-a8de-32904b55ca35",
    "date": "20250119-181048",
    "type": "emclickedlink",
    "description": "https://kulea.ma from shot 4294967864 isEmailSent: true",
    "crm_id": 4294999886,
    "email": "7676test@kulea.ma",
    "ip_address": "62.255.45.137",
    "user_agent": "Mozilla/5.0 (Windows NT 10.0; Win64; x64) AppleWebKit/537.36 (KHTML, like Gecko) Chrome/131.0.0.0 Safari/537.36",
    "bot": false,
    "mailshot_id": 4294967864,
    "condition_id": 4294967855,
    "condition_title": "Andrew Nicholson",
    "condition_subject": "Wild test with to data",
    "condition_from": "andrew@kulea.co.uk",
    "template_id": "fa7cf62d-963e-41c2-abd1-2980a86e3ec4",
    "template_title": "Wild.London",
    "template_link": "Wild-London"
  },
  {
    "event_guid": "70ad0786-8444-4733-a70f-c4c76f3d9c1a",
    "date": "20250119-181042",
    "type": "emclickedlink",
    "description": "https://kulea.ma from shot 4294967864 isEmailSent: true",
    "crm_id": 4294999886,
    "email": "7676test@kulea.ma",
    "ip_address": "92.18.40.63",
    "user_agent": "Mozilla/5.0 (Macintosh; Intel Mac OS X 10_15_7) AppleWebKit/537.36 (KHTML, like Gecko) Chrome/131.0.0.0 Safari/537.36",
    "bot": false,
    "mailshot_id": 4294967864,
    "condition_id": 4294967855,
    "condition_title": "Andrew Nicholson",
    "condition_subject": "Wild test with to data",
    "condition_from": "andrew@kulea.co.uk",
    "template_id": "fa7cf62d-963e-41c2-abd1-2980a86e3ec4",
    "template_title": "Wild.London",
    "template_link": "Wild-London"
  },
  {
    "event_guid": "e519a557-d70f-4439-9e0f-b670f03209c2",
    "date": "20250119-181017",
    "type": "emclickedlink",
    "description": "https://mylinks.kulea.ma/pages/wild-nicola from shot 4294967864 isEmailSent: true",
    "crm_id": 4294999886,
    "email": "7676test@kulea.ma",
    "ip_address": "62.255.45.135",
    "user_agent": "Mozilla/5.0 (Windows NT 10.0; Win64; x64) AppleWebKit/537.36 (KHTML, like Gecko) Chrome/131.0.0.0 Safari/537.36",
    "bot": false,
    "mailshot_id": 4294967864,
    "condition_id": 4294967855,
    "condition_title": "Andrew Nicholson",
    "condition_subject": "Wild test with to data",
    "condition_from": "andrew@kulea.co.uk",
    "template_id": "fa7cf62d-963e-41c2-abd1-2980a86e3ec4",
    "template_title": "Wild.London",
    "template_link": "Wild-London"
  },
  {
    "event_guid": "ec2f628e-f1fa-405f-a357-c9ef4e599ba4",
    "date": "20250119-181010",
    "type": "emclickedlink",
    "description": "https://mylinks.kulea.ma/pages/wild-nicola from shot 4294967864 isEmailSent: true",
    "crm_id": 4294999886,
    "email": "7676test@kulea.ma",
    "ip_address": "92.18.40.63",
    "user_agent": "Mozilla/5.0 (Macintosh; Intel Mac OS X 10_15_7) AppleWebKit/537.36 (KHTML, like Gecko) Chrome/131.0.0.0 Safari/537.36",
    "bot": false,
    "mailshot_id": 4294967864,
    "condition_id": 4294967855,
    "condition_title": "Andrew Nicholson",
    "condition_subject": "Wild test with to data",
    "condition_from": "andrew@kulea.co.uk",
    "template_id": "fa7cf62d-963e-41c2-abd1-2980a86e3ec4",
    "template_title": "Wild.London",
    "template_link": "Wild-London"
  },
  {
    "event_guid": "ae106ec6-f6ee-4531-80a1-6063187dfeaa",
    "date": "20250119-180910",
    "type": "emopened",
    "description": "4294967864 isEmailSent: true",
    "crm_id": 4294999886,
    "email": "7676test@kulea.ma",
    "ip_address": "66.249.93.11",
    "user_agent": "Mozilla/5.0 (Windows NT 5.1; rv:11.0) Gecko Firefox/11.0 (via ggpht.com GoogleImageProxy)",
    "bot": false,
    "mailshot_id": 4294967864,
    "condition_id": 4294967855,
    "condition_title": "Andrew Nicholson",
    "condition_subject": "Wild test with to data",
    "condition_from": "andrew@kulea.co.uk",
    "template_id": "fa7cf62d-963e-41c2-abd1-2980a86e3ec4",
    "template_title": "Wild.London",
    "template_link": "Wild-London"
  },
  {
    "event_guid": "019c0575-b332-4452-bee8-67834dc591de",
    "date": "20250119-180813",
    "type": "emdelivery",
    "description": "4294967864",
    "crm_id": 4294999886,
    "email": "7676test@kulea.ma",
    "ip_address": "",
    "user_agent": "",
    "bot": false,
    "mailshot_id": 4294967864,
    "condition_id": 4294967855,
    "condition_title": "Andrew Nicholson",
    "condition_subject": "Wild test with to data",
    "condition_from": "andrew@kulea.co.uk",
    "template_id": "fa7cf62d-963e-41c2-abd1-2980a86e3ec4",
    "template_title": "Wild.London",
    "template_link": "Wild-London"
  },
  {
    "event_guid": "02aa747f-e116-4aff-8728-59807bf0ccbb",
    "date": "20250116-145203",
    "type": "emopened",
    "description": "4294967831 isEmailSent: true",
    "crm_id": 4294994882,
    "email": "2672test@kulea.ma",
    "ip_address": "89.37.64.11",
    "user_agent": "myagentfull",
    "bot": true,
    "mailshot_id": 4294967831,
    "condition_id": 4294967824,
    "condition_title": "ccc",
    "condition_subject": "Marketing automation that cuts through the noise",
    "condition_from": "esther@kulea.ma",
    "template_id": "e4cf3f50-dc87-4bc0-9e15-2aa6c2cb5a7e",
    "template_title": "Kulea branded email - Andrew",
    "template_link": "Kulea-branded-email-Andrew"
  },
  {
    "event_guid": "334d043f-2e2b-48c4-86ba-a84976dd540b",
    "date": "20250116-145203",
    "type": "emopened",
    "description": "4294967831 isEmailSent: true",
    "crm_id": 4294994326,
    "email": "2116test@kulea.ma",
    "ip_address": "89.37.64.11",
    "user_agent": "myagentfull",
    "bot": true,
    "mailshot_id": 4294967831,
    "condition_id": 4294967824,
    "condition_title": "ccc",
    "condition_subject": "Marketing automation that cuts through the noise",
    "condition_from": "esther@kulea.ma",
    "template_id": "e4cf3f50-dc87-4bc0-9e15-2aa6c2cb5a7e",
    "template_title": "Kulea branded email - Andrew",
    "template_link": "Kulea-branded-email-Andrew"
  },
  {
    "event_guid": "3c31f1b0-ce1f-4179-be2f-3a1bd342991e",
    "date": "20250116-145203",
    "type": "emopened",
    "description": "4294967831 isEmailSent: true",
    "crm_id": 4294998061,
    "email": "5851test@kulea.ma",
    "ip_address": "89.37.64.11",
    "user_agent": "myagentfull",
    "bot": true,
    "mailshot_id": 4294967831,
    "condition_id": 4294967824,
    "condition_title": "ccc",
    "condition_subject": "Marketing automation that cuts through the noise",
    "condition_from": "esther@kulea.ma",
    "template_id": "e4cf3f50-dc87-4bc0-9e15-2aa6c2cb5a7e",
    "template_title": "Kulea branded email - Andrew",
    "template_link": "Kulea-branded-email-Andrew"
  },
  {
    "event_guid": "11f0afd8-3e93-4369-97b8-3476b89e5ec7",
    "date": "20250116-145202",
    "type": "emdelivery",
    "description": "4294967831",
    "crm_id": 4294996469,
    "email": "4259test@kulea.ma",
    "ip_address": "",
    "user_agent": "",
    "bot": false,
    "mailshot_id": 4294967831,
    "condition_id": 4294967824,
    "condition_title": "ccc",
    "condition_subject": "Marketing automation that cuts through the noise",
    "condition_from": "esther@kulea.ma",
    "template_id": "e4cf3f50-dc87-4bc0-9e15-2aa6c2cb5a7e",
    "template_title": "Kulea branded email - Andrew",
    "template_link": "Kulea-branded-email-Andrew"
  },
  {
    "event_guid": "34c6a176-58b9-4662-8648-3341212ec78e",
    "date": "20250116-145202",
    "type": "emdelivery",
    "description": "4294967831",
    "crm_id": 4294999962,
    "email": "7752test@kulea.ma",
    "ip_address": "",
    "user_agent": "",
    "bot": false,
    "mailshot_id": 4294967831,
    "condition_id": 4294967824,
    "condition_title": "ccc",
    "condition_subject": "Marketing automation that cuts through the noise",
    "condition_from": "esther@kulea.ma",
    "template_id": "e4cf3f50-dc87-4bc0-9e15-2aa6c2cb5a7e",
    "template_title": "Kulea branded email - Andrew",
    "template_link": "Kulea-branded-email-Andrew"
  },
  {
    "event_guid": "421da21d-41de-4c5c-8305-9766149c5aeb",
    "date": "20250116-145202",
    "type": "emdelivery",
    "description": "4294967831",
    "crm_id": 4294995272,
    "email": "3062test@kulea.ma",
    "ip_address": "",
    "user_agent": "",
    "bot": false,
    "mailshot_id": 4294967831,
    "condition_id": 4294967824,
    "condition_title": "ccc",
    "condition_subject": "Marketing automation that cuts through the noise",
    "condition_from": "esther@kulea.ma",
    "template_id": "e4cf3f50-dc87-4bc0-9e15-2aa6c2cb5a7e",
    "template_title": "Kulea branded email - Andrew",
    "template_link": "Kulea-branded-email-Andrew"
  },
  {
    "event_guid": "76277053-9627-46d6-baa9-34137e15f39e",
    "date": "20250116-145202",
    "type": "emdelivery",
    "description": "4294967831",
    "crm_id": 4294996266,
    "email": "4056test@kulea.ma",
    "ip_address": "",
    "user_agent": "",
    "bot": false,
    "mailshot_id": 4294967831,
    "condition_id": 4294967824,
    "condition_title": "ccc",
    "condition_subject": "Marketing automation that cuts through the noise",
    "condition_from": "esther@kulea.ma",
    "template_id": "e4cf3f50-dc87-4bc0-9e15-2aa6c2cb5a7e",
    "template_title": "Kulea branded email - Andrew",
    "template_link": "Kulea-branded-email-Andrew"
  },
  {
    "event_guid": "784db80a-34ef-45a2-9962-eca700a3c14b",
    "date": "20250116-145202",
    "type": "emopened",
    "description": "4294967831 isEmailSent: true",
    "crm_id": 4295001093,
    "email": "8883test@kulea.ma",
    "ip_address": "89.37.64.11",
    "user_agent": "myagentfull",
    "bot": true,
    "mailshot_id": 4294967831,
    "condition_id": 4294967824,
    "condition_title": "ccc",
    "condition_subject": "Marketing automation that cuts through the noise",
    "condition_from": "esther@kulea.ma",
    "template_id": "e4cf3f50-dc87-4bc0-9e15-2aa6c2cb5a7e",
    "template_title": "Kulea branded email - Andrew",
    "template_link": "Kulea-branded-email-Andrew"
  },
  {
    "event_guid": "8e3d0738-adcd-4579-a349-0fa7959c2000",
    "date": "20250116-145202",
    "type": "emdelivery",
    "description": "4294967831",
    "crm_id": 4294994239,
    "email": "2029test@kulea.ma",
    "ip_address": "",
    "user_agent": "",
    "bot": false,
    "mailshot_id": 4294967831,
    "condition_id": 4294967824,
    "condition_title": "ccc",
    "condition_subject": "Marketing automation that cuts through the noise",
    "condition_from": "esther@kulea.ma",
    "template_id": "e4cf3f50-dc87-4bc0-9e15-2aa6c2cb5a7e",
    "template_title": "Kulea branded email - Andrew",
    "template_link": "Kulea-branded-email-Andrew"
  },
  {
    "event_guid": "b12008d5-eb6d-49e9-8b00-1da8188a66d7",
    "date": "20250116-145202",
    "type": "emopened",
    "description": "4294967829 isEmailSent: true",
    "crm_id": 4294998775,
    "email": "6565test@kulea.ma",
    "ip_address": "89.37.64.11",
    "user_agent": "myagentfull",
    "bot": true,
    "mailshot_id": 4294967829,
    "condition_id": 4294967822,
    "condition_title": "eee",
    "condition_subject": "Marketing automation that cuts through the noise",
    "condition_from": "esther@kulea.ma",
    "template_id": "e4cf3f50-dc87-4bc0-9e15-2aa6c2cb5a7e",
    "template_title": "Kulea branded email - Andrew",
    "template_link": "Kulea-branded-email-Andrew"
  },
  {
    "event_guid": "b1cabcbc-5a1d-47cc-bd06-47a1dfcee5d7",
    "date": "20250116-145202",
    "type": "emopened",
    "description": "4294967831 isEmailSent: true",
    "crm_id": 4294993654,
    "email": "1444test@kulea.ma",
    "ip_address": "89.37.64.11",
    "user_agent": "myagentfull",
    "bot": true,
    "mailshot_id": 4294967831,
    "condition_id": 4294967824,
    "condition_title": "ccc",
    "condition_subject": "Marketing automation that cuts through the noise",
    "condition_from": "esther@kulea.ma",
    "template_id": "e4cf3f50-dc87-4bc0-9e15-2aa6c2cb5a7e",
    "template_title": "Kulea branded email - Andrew",
    "template_link": "Kulea-branded-email-Andrew"
  },
  {
    "event_guid": "b23d1fb1-3063-415d-8509-10c2d7f8c902",
    "date": "20250116-145202",
    "type": "emdelivery",
    "description": "4294967831",
    "crm_id": 4294994037,
    "email": "1827test@kulea.ma",
    "ip_address": "",
    "user_agent": "",
    "bot": false,
    "mailshot_id": 4294967831,
    "condition_id": 4294967824,
    "condition_title": "ccc",
    "condition_subject": "Marketing automation that cuts through the noise",
    "condition_from": "esther@kulea.ma",
    "template_id": "e4cf3f50-dc87-4bc0-9e15-2aa6c2cb5a7e",
    "template_title": "Kulea branded email - Andrew",
    "template_link": "Kulea-branded-email-Andrew"
  },
  {
    "event_guid": "b9786d01-bd08-4913-a518-fc619919b15c",
    "date": "20250116-145202",
    "type": "emopened",
    "description": "4294967831 isEmailSent: true",
    "crm_id": 4294999526,
    "email": "7316test@kulea.ma",
    "ip_address": "89.37.64.11",
    "user_agent": "myagentfull",
    "bot": true,
    "mailshot_id": 4294967831,
    "condition_id": 4294967824,
    "condition_title": "ccc",
    "condition_subject": "Marketing automation that cuts through the noise",
    "condition_from": "esther@kulea.ma",
    "template_id": "e4cf3f50-dc87-4bc0-9e15-2aa6c2cb5a7e",
    "template_title": "Kulea branded email - Andrew",
    "template_link": "Kulea-branded-email-Andrew"
  },
  {
    "event_guid": "bd2cff07-05ab-4f89-bcbd-109e37426108",
    "date": "20250116-145202",
    "type": "emopened",
    "description": "4294967831 isEmailSent: true",
    "crm_id": 4294996219,
    "email": "4009test@kulea.ma",
    "ip_address": "89.37.64.11",
    "user_agent": "Mozilla/5.0 (iPhone; CPU iPhone OS 18_1_1 like Mac OS X) AppleWebKit/605.1.15 (KHTML, like Gecko) Version/18.1.1 Mobile/15E148 Safari/604.1",
    "bot": false,
    "mailshot_id": 4294967831,
    "condition_id": 4294967824,
    "condition_title": "ccc",
    "condition_subject": "Marketing automation that cuts through the noise",
    "condition_from": "esther@kulea.ma",
    "template_id": "e4cf3f50-dc87-4bc0-9e15-2aa6c2cb5a7e",
    "template_title": "Kulea branded email - Andrew",
    "template_link": "Kulea-branded-email-Andrew"
  },
  {
    "event_guid": "dd347f9e-eeb5-4547-aae7-590846668ce4",
    "date": "20250116-145202",
    "type": "emopened",
    "description": "4294967831 isEmailSent: true",
    "crm_id": 4294995447,
    "email": "3237test@kulea.ma",
    "ip_address": "89.37.64.11",
    "user_agent": "myagentfull",
    "bot": true,
    "mailshot_id": 4294967831,
    "condition_id": 4294967824,
    "condition_title": "ccc",
    "condition_subject": "Marketing automation that cuts through the noise",
    "condition_from": "esther@kulea.ma",
    "template_id": "e4cf3f50-dc87-4bc0-9e15-2aa6c2cb5a7e",
    "template_title": "Kulea branded email - Andrew",
    "template_link": "Kulea-branded-email-Andrew"
  },
  {
    "event_guid": "e3ce7807-753a-41b4-85ac-0d7eaa6f5cf0",
    "date": "20250116-145202",
    "type": "emdelivery",
    "description": "4294967831",
    "crm_id": 4295005070,
    "email": "937newtest@kulea.ma",
    "ip_address": "",
    "user_agent": "",
    "bot": false,
    "mailshot_id": 4294967831,
    "condition_id": 4294967824,
    "condition_title": "ccc",
    "condition_subject": "Marketing automation that cuts through the noise",
    "condition_from": "esther@kulea.ma",
    "template_id": "e4cf3f50-dc87-4bc0-9e15-2aa6c2cb5a7e",
    "template_title": "Kulea branded email - Andrew",
    "template_link": "Kulea-branded-email-Andrew"
  },
  {
    "event_guid": "fb67672e-cb24-42ff-a217-a2f5f65f6684",
    "date": "20250116-145202",
    "type": "emdelivery",
    "description": "4294967831",
    "crm_id": 4294994565,
    "email": "2355test@kulea.ma",
    "ip_address": "",
    "user_agent": "",
    "bot": false,
    "mailshot_id": 4294967831,
    "condition_id": 4294967824,
    "condition_title": "ccc",
    "condition_subject": "Marketing automation that cuts through the noise",
    "condition_from": "esther@kulea.ma",
    "template_id": "e4cf3f50-dc87-4bc0-9e15-2aa6c2cb5a7e",
    "template_title": "Kulea branded email - Andrew",
    "template_link": "Kulea-branded-email-Andrew"
  },
  {
    "event_guid": "fc4f6813-9c1e-4101-9aa4-a54c1d99956a",
    "date": "20250116-145202",
    "type": "emopened",
    "description": "4294967831 isEmailSent: true",
    "crm_id": 4294996979,
    "email": "4769test@kulea.ma",
    "ip_address": "89.37.64.11",
    "user_agent": "myagentfull",
    "bot": true,
    "mailshot_id": 4294967831,
    "condition_id": 4294967824,
    "condition_title": "ccc",
    "condition_subject": "Marketing automation that cuts through the noise",
    "condition_from": "esther@kulea.ma",
    "template_id": "e4cf3f50-dc87-4bc0-9e15-2aa6c2cb5a7e",
    "template_title": "Kulea branded email - Andrew",
    "template_link": "Kulea-branded-email-Andrew"
  },
  {
    "event_guid": "0ac66632-d2a4-4de3-8ffd-17bbc5571038",
    "date": "20250116-145201",
    "type": "emdelivery",
    "description": "4294967831",
    "crm_id": 4295004921,
    "email": "788newtest@kulea.ma",
    "ip_address": "",
    "user_agent": "",
    "bot": false,
    "mailshot_id": 4294967831,
    "condition_id": 4294967824,
    "condition_title": "ccc",
    "condition_subject": "Marketing automation that cuts through the noise",
    "condition_from": "esther@kulea.ma",
    "template_id": "e4cf3f50-dc87-4bc0-9e15-2aa6c2cb5a7e",
    "template_title": "Kulea branded email - Andrew",
    "template_link": "Kulea-branded-email-Andrew"
  },
  {
    "event_guid": "1640a0cb-38e8-4a58-9fad-eec6ae7c0839",
    "date": "20250116-145201",
    "type": "emdelivery",
    "description": "4294967831",
    "crm_id": 4294992323,
    "email": "113test@kulea.ma",
    "ip_address": "",
    "user_agent": "",
    "bot": false,
    "mailshot_id": 4294967831,
    "condition_id": 4294967824,
    "condition_title": "ccc",
    "condition_subject": "Marketing automation that cuts through the noise",
    "condition_from": "esther@kulea.ma",
    "template_id": "e4cf3f50-dc87-4bc0-9e15-2aa6c2cb5a7e",
    "template_title": "Kulea branded email - Andrew",
    "template_link": "Kulea-branded-email-Andrew"
  },
  {
    "event_guid": "40add710-0441-4f14-9cd3-5d86d03c38d1",
    "date": "20250116-145201",
    "type": "emopened",
    "description": "4294967831 isEmailSent: true",
    "crm_id": 4295005013,
    "email": "880newtest@kulea.ma",
    "ip_address": "89.37.64.11",
    "user_agent": "myagentfull",
    "bot": true,
    "mailshot_id": 4294967831,
    "condition_id": 4294967824,
    "condition_title": "ccc",
    "condition_subject": "Marketing automation that cuts through the noise",
    "condition_from": "esther@kulea.ma",
    "template_id": "e4cf3f50-dc87-4bc0-9e15-2aa6c2cb5a7e",
    "template_title": "Kulea branded email - Andrew",
    "template_link": "Kulea-branded-email-Andrew"
  },
  {
    "event_guid": "4389dfee-98f8-499d-92b5-5396f45058f4",
    "date": "20250116-145201",
    "type": "emopened",
    "description": "4294967831 isEmailSent: true",
    "crm_id": 4295004999,
    "email": "866newtest@kulea.ma",
    "ip_address": "89.37.64.11",
    "user_agent": "myagentfull",
    "bot": true,
    "mailshot_id": 4294967831,
    "condition_id": 4294967824,
    "condition_title": "ccc",
    "condition_subject": "Marketing automation that cuts through the noise",
    "condition_from": "esther@kulea.ma",
    "template_id": "e4cf3f50-dc87-4bc0-9e15-2aa6c2cb5a7e",
    "template_title": "Kulea branded email - Andrew",
    "template_link": "Kulea-branded-email-Andrew"
  },
  {
    "event_guid": "9427223b-c7c7-4668-af24-c0f91c49a994",
    "date": "20250116-145201",
    "type": "emdelivery",
    "description": "4294967831",
    "crm_id": 4295001733,
    "email": "9523test@kulea.ma",
    "ip_address": "",
    "user_agent": "",
    "bot": false,
    "mailshot_id": 4294967831,
    "condition_id": 4294967824,
    "condition_title": "ccc",
    "condition_subject": "Marketing automation that cuts through the noise",
    "condition_from": "esther@kulea.ma",
    "template_id": "e4cf3f50-dc87-4bc0-9e15-2aa6c2cb5a7e",
    "template_title": "Kulea branded email - Andrew",
    "template_link": "Kulea-branded-email-Andrew"
  },
  {
    "event_guid": "94b50695-f96f-490c-80a8-601a5a6d388e",
    "date": "20250116-145201",
    "type": "emdelivery",
    "description": "4294967831",
    "crm_id": 4295004922,
    "email": "789newtest@kulea.ma",
    "ip_address": "",
    "user_agent": "",
    "bot": false,
    "mailshot_id": 4294967831,
    "condition_id": 4294967824,
    "condition_title": "ccc",
    "condition_subject": "Marketing automation that cuts through the noise",
    "condition_from": "esther@kulea.ma",
    "template_id": "e4cf3f50-dc87-4bc0-9e15-2aa6c2cb5a7e",
    "template_title": "Kulea branded email - Andrew",
    "template_link": "Kulea-branded-email-Andrew"
  },
  {
    "event_guid": "984b8a95-09a1-46cc-a302-e65afc58440b",
    "date": "20250116-145201",
    "type": "emopened",
    "description": "4294967829 isEmailSent: true",
    "crm_id": 4295001085,
    "email": "8875test@kulea.ma",
    "ip_address": "89.37.64.11",
    "user_agent": "Mozilla/5.0 (X11; CrOS x86_64 14541.0.0) AppleWebKit/537.36 (KHTML, like Gecko) Chrome/130.0.0.0 Safari/537.36",
    "bot": false,
    "mailshot_id": 4294967829,
    "condition_id": 4294967822,
    "condition_title": "eee",
    "condition_subject": "Marketing automation that cuts through the noise",
    "condition_from": "esther@kulea.ma",
    "template_id": "e4cf3f50-dc87-4bc0-9e15-2aa6c2cb5a7e",
    "template_title": "Kulea branded email - Andrew",
    "template_link": "Kulea-branded-email-Andrew"
  },
  {
    "event_guid": "9f455886-3a46-4217-b8f4-37c2df68d2a9",
    "date": "20250116-145201",
    "type": "emopened",
    "description": "4294967831 isEmailSent: true",
    "crm_id": 4294992238,
    "email": "28test@kulea.ma",
    "ip_address": "89.37.64.11",
    "user_agent": "myagentfull",
    "bot": true,
    "mailshot_id": 4294967831,
    "condition_id": 4294967824,
    "condition_title": "ccc",
    "condition_subject": "Marketing automation that cuts through the noise",
    "condition_from": "esther@kulea.ma",
    "template_id": "e4cf3f50-dc87-4bc0-9e15-2aa6c2cb5a7e",
    "template_title": "Kulea branded email - Andrew",
    "template_link": "Kulea-branded-email-Andrew"
  },
  {
    "event_guid": "ae1c25b3-2161-4d1f-91ab-3743d7356626",
    "date": "20250116-145201",
    "type": "emdelivery",
    "description": "4294967831",
    "crm_id": 4294998546,
    "email": "6336test@kulea.ma",
    "ip_address": "",
    "user_agent": "",
    "bot": false,
    "mailshot_id": 4294967831,
    "condition_id": 4294967824,
    "condition_title": "ccc",
    "condition_subject": "Marketing automation that cuts through the noise",
    "condition_from": "esther@kulea.ma",
    "template_id": "e4cf3f50-dc87-4bc0-9e15-2aa6c2cb5a7e",
    "template_title": "Kulea branded email - Andrew",
    "template_link": "Kulea-branded-email-Andrew"
  },
  {
    "event_guid": "c1bc9ffe-5a2b-44aa-bcd3-8d46ce8790b0",
    "date": "20250116-145201",
    "type": "emdelivery",
    "description": "4294967831",
    "crm_id": 4295002109,
    "email": "9899test@kulea.ma",
    "ip_address": "",
    "user_agent": "",
    "bot": false,
    "mailshot_id": 4294967831,
    "condition_id": 4294967824,
    "condition_title": "ccc",
    "condition_subject": "Marketing automation that cuts through the noise",
    "condition_from": "esther@kulea.ma",
    "template_id": "e4cf3f50-dc87-4bc0-9e15-2aa6c2cb5a7e",
    "template_title": "Kulea branded email - Andrew",
    "template_link": "Kulea-branded-email-Andrew"
  },
  {
    "event_guid": "c281d703-0314-48a1-914e-c13bfa22169d",
    "date": "20250116-145201",
    "type": "emdelivery",
    "description": "4294967829",
    "crm_id": 4295000475,
    "email": "8265test@kulea.ma",
    "ip_address": "",
    "user_agent": "",
    "bot": false,
    "mailshot_id": 4294967829,
    "condition_id": 4294967822,
    "condition_title": "eee",
    "condition_subject": "Marketing automation that cuts through the noise",
    "condition_from": "esther@kulea.ma",
    "template_id": "e4cf3f50-dc87-4bc0-9e15-2aa6c2cb5a7e",
    "template_title": "Kulea branded email - Andrew",
    "template_link": "Kulea-branded-email-Andrew"
  },
  {
    "event_guid": "e9b1a68c-d003-4969-a2e4-97f733264314",
    "date": "20250116-145201",
    "type": "emdelivery",
    "description": "4294967831",
    "crm_id": 4294994326,
    "email": "2116test@kulea.ma",
    "ip_address": "",
    "user_agent": "",
    "bot": false,
    "mailshot_id": 4294967831,
    "condition_id": 4294967824,
    "condition_title": "ccc",
    "condition_subject": "Marketing automation that cuts through the noise",
    "condition_from": "esther@kulea.ma",
    "template_id": "e4cf3f50-dc87-4bc0-9e15-2aa6c2cb5a7e",
    "template_title": "Kulea branded email - Andrew",
    "template_link": "Kulea-branded-email-Andrew"
  },
  {
    "event_guid": "eaa800b5-3f46-4faa-a57f-db806be55150",
    "date": "20250116-145201",
    "type": "emdelivery",
    "description": "4294967831",
    "crm_id": 4294992331,
    "email": "121test@kulea.ma",
    "ip_address": "",
    "user_agent": "",
    "bot": false,
    "mailshot_id": 4294967831,
    "condition_id": 4294967824,
    "condition_title": "ccc",
    "condition_subject": "Marketing automation that cuts through the noise",
    "condition_from": "esther@kulea.ma",
    "template_id": "e4cf3f50-dc87-4bc0-9e15-2aa6c2cb5a7e",
    "template_title": "Kulea branded email - Andrew",
    "template_link": "Kulea-branded-email-Andrew"
  },
  {
    "event_guid": "ef1ae25e-d782-492f-b859-d5af8bbd725a",
    "date": "20250116-145201",
    "type": "emopened",
    "description": "4294967831 isEmailSent: true",
    "crm_id": 4294993918,
    "email": "1708test@kulea.ma",
    "ip_address": "89.37.64.11",
    "user_agent": "myagentfull",
    "bot": true,
    "mailshot_id": 4294967831,
    "condition_id": 4294967824,
    "condition_title": "ccc",
    "condition_subject": "Marketing automation that cuts through the noise",
    "condition_from": "esther@kulea.ma",
    "template_id": "e4cf3f50-dc87-4bc0-9e15-2aa6c2cb5a7e",
    "template_title": "Kulea branded email - Andrew",
    "template_link": "Kulea-branded-email-Andrew"
  },
  {
    "event_guid": "088730c9-bc7c-4cc7-8474-41a94b2364c6",
    "date": "20250116-145200",
    "type": "emdelivery",
    "description": "4294967831",
    "crm_id": 4295001599,
    "email": "9389test@kulea.ma",
    "ip_address": "",
    "user_agent": "",
    "bot": false,
    "mailshot_id": 4294967831,
    "condition_id": 4294967824,
    "condition_title": "ccc",
    "condition_subject": "Marketing automation that cuts through the noise",
    "condition_from": "esther@kulea.ma",
    "template_id": "e4cf3f50-dc87-4bc0-9e15-2aa6c2cb5a7e",
    "template_title": "Kulea branded email - Andrew",
    "template_link": "Kulea-branded-email-Andrew"
  },
  {
    "event_guid": "10fac209-205e-4842-bb7e-c3dd3940f4fa",
    "date": "20250116-145200",
    "type": "emdelivery",
    "description": "4294967831",
    "crm_id": 4294992968,
    "email": "758test@kulea.ma",
    "ip_address": "",
    "user_agent": "",
    "bot": false,
    "mailshot_id": 4294967831,
    "condition_id": 4294967824,
    "condition_title": "ccc",
    "condition_subject": "Marketing automation that cuts through the noise",
    "condition_from": "esther@kulea.ma",
    "template_id": "e4cf3f50-dc87-4bc0-9e15-2aa6c2cb5a7e",
    "template_title": "Kulea branded email - Andrew",
    "template_link": "Kulea-branded-email-Andrew"
  },
  {
    "event_guid": "21089dd3-5de9-455b-ba2a-670709dfbd18",
    "date": "20250116-145200",
    "type": "emopened",
    "description": "4294967818 isEmailSent: true",
    "crm_id": 4294995321,
    "email": "3111test@kulea.ma",
    "ip_address": "89.37.64.11",
    "user_agent": "myagentfull",
    "bot": true,
    "mailshot_id": 4294967818,
    "condition_id": 4294967811,
    "condition_title": "Euro stagger unsubscribe test",
    "condition_subject": "Mel milking it",
    "condition_from": "andrew@kulea.ma",
    "template_id": "e49af120-9a1f-4ab2-8a15-db58cad776b5",
    "template_title": "Personal email",
    "template_link": "Personal-email"
  },
  {
    "event_guid": "210c08b1-ecef-4184-ad78-26880ea9734b",
    "date": "20250116-145200",
    "type": "emopened",
    "description": "4294967829 isEmailSent: true",
    "crm_id": 4295000845,
    "email": "8635test@kulea.ma",
    "ip_address": "89.37.64.11",
    "user_agent": "myagentfull",
    "bot": true,
    "mailshot_id": 4294967829,
    "condition_id": 4294967822,
    "condition_title": "eee",
    "condition_subject": "Marketing automation that cuts through the noise",
    "condition_from": "esther@kulea.ma",
    "template_id": "e4cf3f50-dc87-4bc0-9e15-2aa6c2cb5a7e",
    "template_title": "Kulea branded email - Andrew",
    "template_link": "Kulea-branded-email-Andrew"
  },
  {
    "event_guid": "318c9208-77ee-45c4-b641-eed920185390",
    "date": "20250116-145200",
    "type": "emdelivery",
    "description": "4294967831",
    "crm_id": 4294995001,
    "email": "2791test@kulea.ma",
    "ip_address": "",
    "user_agent": "",
    "bot": false,
    "mailshot_id": 4294967831,
    "condition_id": 4294967824,
    "condition_title": "ccc",
    "condition_subject": "Marketing automation that cuts through the noise",
    "condition_from": "esther@kulea.ma",
    "template_id": "e4cf3f50-dc87-4bc0-9e15-2aa6c2cb5a7e",
    "template_title": "Kulea branded email - Andrew",
    "template_link": "Kulea-branded-email-Andrew"
  },
  {
    "event_guid": "69c3abfb-b68e-46ee-afaa-0fd6a7918be0",
    "date": "20250116-145200",
    "type": "emdelivery",
    "description": "4294967831",
    "crm_id": 4294994788,
    "email": "2578test@kulea.ma",
    "ip_address": "",
    "user_agent": "",
    "bot": false,
    "mailshot_id": 4294967831,
    "condition_id": 4294967824,
    "condition_title": "ccc",
    "condition_subject": "Marketing automation that cuts through the noise",
    "condition_from": "esther@kulea.ma",
    "template_id": "e4cf3f50-dc87-4bc0-9e15-2aa6c2cb5a7e",
    "template_title": "Kulea branded email - Andrew",
    "template_link": "Kulea-branded-email-Andrew"
  },
  {
    "event_guid": "7be1d2a4-8fe2-471e-a2ea-ed86c4f4d667",
    "date": "20250116-145200",
    "type": "emopened",
    "description": "4294967831 isEmailSent: true",
    "crm_id": 4295002192,
    "email": "9982test@kulea.ma",
    "ip_address": "89.37.64.11",
    "user_agent": "myagentfull",
    "bot": true,
    "mailshot_id": 4294967831,
    "condition_id": 4294967824,
    "condition_title": "ccc",
    "condition_subject": "Marketing automation that cuts through the noise",
    "condition_from": "esther@kulea.ma",
    "template_id": "e4cf3f50-dc87-4bc0-9e15-2aa6c2cb5a7e",
    "template_title": "Kulea branded email - Andrew",
    "template_link": "Kulea-branded-email-Andrew"
  },
  {
    "event_guid": "7ccbed9a-eab5-4bbf-916d-304969ad822b",
    "date": "20250116-145200",
    "type": "emdelivery",
    "description": "4294967831",
    "crm_id": 4294998064,
    "email": "5854test@kulea.ma",
    "ip_address": "",
    "user_agent": "",
    "bot": false,
    "mailshot_id": 4294967831,
    "condition_id": 4294967824,
    "condition_title": "ccc",
    "condition_subject": "Marketing automation that cuts through the noise",
    "condition_from": "esther@kulea.ma",
    "template_id": "e4cf3f50-dc87-4bc0-9e15-2aa6c2cb5a7e",
    "template_title": "Kulea branded email - Andrew",
    "template_link": "Kulea-branded-email-Andrew"
  },
  {
    "event_guid": "7d235fbe-4a67-411a-a422-65a11e12ad96",
    "date": "20250116-145200",
    "type": "emdelivery",
    "description": "4294967831",
    "crm_id": 4294992317,
    "email": "107test@kulea.ma",
    "ip_address": "",
    "user_agent": "",
    "bot": false,
    "mailshot_id": 4294967831,
    "condition_id": 4294967824,
    "condition_title": "ccc",
    "condition_subject": "Marketing automation that cuts through the noise",
    "condition_from": "esther@kulea.ma",
    "template_id": "e4cf3f50-dc87-4bc0-9e15-2aa6c2cb5a7e",
    "template_title": "Kulea branded email - Andrew",
    "template_link": "Kulea-branded-email-Andrew"
  },
  {
    "event_guid": "7ff72d98-e7bc-4a09-bd99-fd46d1f941ba",
    "date": "20250116-145200",
    "type": "emdelivery",
    "description": "4294967831",
    "crm_id": 4294998479,
    "email": "6269test@kulea.ma",
    "ip_address": "",
    "user_agent": "",
    "bot": false,
    "mailshot_id": 4294967831,
    "condition_id": 4294967824,
    "condition_title": "ccc",
    "condition_subject": "Marketing automation that cuts through the noise",
    "condition_from": "esther@kulea.ma",
    "template_id": "e4cf3f50-dc87-4bc0-9e15-2aa6c2cb5a7e",
    "template_title": "Kulea branded email - Andrew",
    "template_link": "Kulea-branded-email-Andrew"
  },
  {
    "event_guid": "98a76ddf-6b0b-453e-92d1-594e01385bba",
    "date": "20250116-145200",
    "type": "emdelivery",
    "description": "4294967831",
    "crm_id": 4294995447,
    "email": "3237test@kulea.ma",
    "ip_address": "",
    "user_agent": "",
    "bot": false,
    "mailshot_id": 4294967831,
    "condition_id": 4294967824,
    "condition_title": "ccc",
    "condition_subject": "Marketing automation that cuts through the noise",
    "condition_from": "esther@kulea.ma",
    "template_id": "e4cf3f50-dc87-4bc0-9e15-2aa6c2cb5a7e",
    "template_title": "Kulea branded email - Andrew",
    "template_link": "Kulea-branded-email-Andrew"
  },
  {
    "event_guid": "a81dd5f8-3cac-44c8-b647-336db36d86c1",
    "date": "20250116-145200",
    "type": "emdelivery",
    "description": "4294967831",
    "crm_id": 4295002153,
    "email": "9943test@kulea.ma",
    "ip_address": "",
    "user_agent": "",
    "bot": false,
    "mailshot_id": 4294967831,
    "condition_id": 4294967824,
    "condition_title": "ccc",
    "condition_subject": "Marketing automation that cuts through the noise",
    "condition_from": "esther@kulea.ma",
    "template_id": "e4cf3f50-dc87-4bc0-9e15-2aa6c2cb5a7e",
    "template_title": "Kulea branded email - Andrew",
    "template_link": "Kulea-branded-email-Andrew"
  },
  {
    "event_guid": "abe21773-c4ce-4b32-b845-727df7ce4d16",
    "date": "20250116-145200",
    "type": "emdelivery",
    "description": "4294967831",
    "crm_id": 4294992727,
    "email": "517test@kulea.ma",
    "ip_address": "",
    "user_agent": "",
    "bot": false,
    "mailshot_id": 4294967831,
    "condition_id": 4294967824,
    "condition_title": "ccc",
    "condition_subject": "Marketing automation that cuts through the noise",
    "condition_from": "esther@kulea.ma",
    "template_id": "e4cf3f50-dc87-4bc0-9e15-2aa6c2cb5a7e",
    "template_title": "Kulea branded email - Andrew",
    "template_link": "Kulea-branded-email-Andrew"
  },
  {
    "event_guid": "c701d59b-94f0-43c2-8ee3-185978fced89",
    "date": "20250116-145200",
    "type": "emdelivery",
    "description": "4294967831",
    "crm_id": 4294998717,
    "email": "6507test@kulea.ma",
    "ip_address": "",
    "user_agent": "",
    "bot": false,
    "mailshot_id": 4294967831,
    "condition_id": 4294967824,
    "condition_title": "ccc",
    "condition_subject": "Marketing automation that cuts through the noise",
    "condition_from": "esther@kulea.ma",
    "template_id": "e4cf3f50-dc87-4bc0-9e15-2aa6c2cb5a7e",
    "template_title": "Kulea branded email - Andrew",
    "template_link": "Kulea-branded-email-Andrew"
  },
  {
    "event_guid": "f4030a1f-4f37-4dc7-a3e6-47da2f086f4e",
    "date": "20250116-145200",
    "type": "emdelivery",
    "description": "4294967831",
    "crm_id": 4294993333,
    "email": "1123test@kulea.ma",
    "ip_address": "",
    "user_agent": "",
    "bot": false,
    "mailshot_id": 4294967831,
    "condition_id": 4294967824,
    "condition_title": "ccc",
    "condition_subject": "Marketing automation that cuts through the noise",
    "condition_from": "esther@kulea.ma",
    "template_id": "e4cf3f50-dc87-4bc0-9e15-2aa6c2cb5a7e",
    "template_title": "Kulea branded email - Andrew",
    "template_link": "Kulea-branded-email-Andrew"
  },
  {
    "event_guid": "febf777c-bf13-44ec-92bc-2ed972e7990c",
    "date": "20250116-145200",
    "type": "emopened",
    "description": "4294967831 isEmailSent: true",
    "crm_id": 4294997370,
    "email": "5160test@kulea.ma",
    "ip_address": "89.37.64.11",
    "user_agent": "Mozilla/5.0 (Linux; Android 10; K) AppleWebKit/537.36 (KHTML, like Gecko) Chrome/131.0.0.0 Mobile Safari/537.36",
    "bot": false,
    "mailshot_id": 4294967831,
    "condition_id": 4294967824,
    "condition_title": "ccc",
    "condition_subject": "Marketing automation that cuts through the noise",
    "condition_from": "esther@kulea.ma",
    "template_id": "e4cf3f50-dc87-4bc0-9e15-2aa6c2cb5a7e",
    "template_title": "Kulea branded email - Andrew",
    "template_link": "Kulea-branded-email-Andrew"
  },
  {
    "event_guid": "0aa0d682-a692-4279-a5c2-1b18115dfb45",
    "date": "20250116-145159",
    "type": "emdelivery",
    "description": "4294967831",
    "crm_id": 4294998555,
    "email": "6345test@kulea.ma",
    "ip_address": "",
    "user_agent": "",
    "bot": false,
    "mailshot_id": 4294967831,
    "condition_id": 4294967824,
    "condition_title": "ccc",
    "condition_subject": "Marketing automation that cuts through the noise",
    "condition_from": "esther@kulea.ma",
    "template_id": "e4cf3f50-dc87-4bc0-9e15-2aa6c2cb5a7e",
    "template_title": "Kulea branded email - Andrew",
    "template_link": "Kulea-branded-email-Andrew"
  },
  {
    "event_guid": "0aa91d3b-4bbb-4937-ae32-f132fe2eaf7c",
    "date": "20250116-145159",
    "type": "emdelivery",
    "description": "4294967831",
    "crm_id": 4294994615,
    "email": "2405test@kulea.ma",
    "ip_address": "",
    "user_agent": "",
    "bot": false,
    "mailshot_id": 4294967831,
    "condition_id": 4294967824,
    "condition_title": "ccc",
    "condition_subject": "Marketing automation that cuts through the noise",
    "condition_from": "esther@kulea.ma",
    "template_id": "e4cf3f50-dc87-4bc0-9e15-2aa6c2cb5a7e",
    "template_title": "Kulea branded email - Andrew",
    "template_link": "Kulea-branded-email-Andrew"
  },
  {
    "event_guid": "11f41091-2464-45a7-a198-48ab441aefa6",
    "date": "20250116-145159",
    "type": "emdelivery",
    "description": "4294967831",
    "crm_id": 4294992238,
    "email": "28test@kulea.ma",
    "ip_address": "",
    "user_agent": "",
    "bot": false,
    "mailshot_id": 4294967831,
    "condition_id": 4294967824,
    "condition_title": "ccc",
    "condition_subject": "Marketing automation that cuts through the noise",
    "condition_from": "esther@kulea.ma",
    "template_id": "e4cf3f50-dc87-4bc0-9e15-2aa6c2cb5a7e",
    "template_title": "Kulea branded email - Andrew",
    "template_link": "Kulea-branded-email-Andrew"
  },
  {
    "event_guid": "1902169f-5c29-4f2e-b9c9-ca5a83826ff2",
    "date": "20250116-145159",
    "type": "emdelivery",
    "description": "4294967818",
    "crm_id": 4294995321,
    "email": "3111test@kulea.ma",
    "ip_address": "",
    "user_agent": "",
    "bot": false,
    "mailshot_id": 4294967818,
    "condition_id": 4294967811,
    "condition_title": "Euro stagger unsubscribe test",
    "condition_subject": "Mel milking it",
    "condition_from": "andrew@kulea.ma",
    "template_id": "e49af120-9a1f-4ab2-8a15-db58cad776b5",
    "template_title": "Personal email",
    "template_link": "Personal-email"
  },
  {
    "event_guid": "1e7bca12-5dc1-4bd7-9fb9-0f5cd4229c96",
    "date": "20250116-145159",
    "type": "emdelivery",
    "description": "4294967831",
    "crm_id": 4295005031,
    "email": "898newtest@kulea.ma",
    "ip_address": "",
    "user_agent": "",
    "bot": false,
    "mailshot_id": 4294967831,
    "condition_id": 4294967824,
    "condition_title": "ccc",
    "condition_subject": "Marketing automation that cuts through the noise",
    "condition_from": "esther@kulea.ma",
    "template_id": "e4cf3f50-dc87-4bc0-9e15-2aa6c2cb5a7e",
    "template_title": "Kulea branded email - Andrew",
    "template_link": "Kulea-branded-email-Andrew"
  },
  {
    "event_guid": "2987eb48-0e9b-47d0-bb52-ab3b7fb0f335",
    "date": "20250116-145159",
    "type": "emdelivery",
    "description": "4294967831",
    "crm_id": 4294994250,
    "email": "2040test@kulea.ma",
    "ip_address": "",
    "user_agent": "",
    "bot": false,
    "mailshot_id": 4294967831,
    "condition_id": 4294967824,
    "condition_title": "ccc",
    "condition_subject": "Marketing automation that cuts through the noise",
    "condition_from": "esther@kulea.ma",
    "template_id": "e4cf3f50-dc87-4bc0-9e15-2aa6c2cb5a7e",
    "template_title": "Kulea branded email - Andrew",
    "template_link": "Kulea-branded-email-Andrew"
  },
  {
    "event_guid": "2b81d85d-6336-4a58-bb20-d5f7c5416115",
    "date": "20250116-145159",
    "type": "emdelivery",
    "description": "4294967831",
    "crm_id": 4295001330,
    "email": "9120test@kulea.ma",
    "ip_address": "",
    "user_agent": "",
    "bot": false,
    "mailshot_id": 4294967831,
    "condition_id": 4294967824,
    "condition_title": "ccc",
    "condition_subject": "Marketing automation that cuts through the noise",
    "condition_from": "esther@kulea.ma",
    "template_id": "e4cf3f50-dc87-4bc0-9e15-2aa6c2cb5a7e",
    "template_title": "Kulea branded email - Andrew",
    "template_link": "Kulea-branded-email-Andrew"
  },
  {
    "event_guid": "2c86fec8-eed7-4b79-a9c9-a80be2aa9b5a",
    "date": "20250116-145159",
    "type": "emdelivery",
    "description": "4294967831",
    "crm_id": 4294994633,
    "email": "2423test@kulea.ma",
    "ip_address": "",
    "user_agent": "",
    "bot": false,
    "mailshot_id": 4294967831,
    "condition_id": 4294967824,
    "condition_title": "ccc",
    "condition_subject": "Marketing automation that cuts through the noise",
    "condition_from": "esther@kulea.ma",
    "template_id": "e4cf3f50-dc87-4bc0-9e15-2aa6c2cb5a7e",
    "template_title": "Kulea branded email - Andrew",
    "template_link": "Kulea-branded-email-Andrew"
  },
  {
    "event_guid": "31d7bec2-9a2b-4fee-91ee-228b40527853",
    "date": "20250116-145159",
    "type": "emdelivery",
    "description": "4294967836",
    "crm_id": 4295008739,
    "email": "drew@kulea.ma",
    "ip_address": "",
    "user_agent": "",
    "bot": false,
    "mailshot_id": 4294967836,
    "condition_id": 4294967827,
    "condition_title": "list-unsubscribe true",
    "condition_subject": "Marketing automation that cuts through the noise",
    "condition_from": "esther@kulea.ma",
    "template_id": "e4cf3f50-dc87-4bc0-9e15-2aa6c2cb5a7e",
    "template_title": "Kulea branded email - Andrew",
    "template_link": "Kulea-branded-email-Andrew"
  }
]